{
  "target": "win",
  "feature_set": "market_aware",
  "model_name": "catboost_win_market_aware_v1",
  "best_iteration": 791,
  "params": {
    "iterations": 3000,
    "learning_rate": 0.05,
    "depth": 8,
    "l2_leaf_reg": 5.0,
    "random_strength": 1.0,
    "bootstrap_type": "Bayesian",
    "bagging_temperature": 1.0,
    "loss_function": "Logloss",
    "eval_metric": "Logloss",
    "od_type": "Iter",
    "od_wait": 200,
    "random_seed": 42,
    "task_type": "GPU",
    "devices": "0",
    "allow_writing_files": false,
    "verbose": 100
  },
  "train_rows": 383401,
  "validation_rows": 46752,
  "test_rows": 47497,
  "latest_holdout_rows": 21276,
  "training_seconds": 62.53308367729187,
  "prediction_seconds": 0.4801006317138672,
  "model_path": "models\\catboost_baseline_v1\\win\\market_aware\\model.cbm",
  "all_missing_numeric_columns": [],
  "metrics_by_split": [
    {
      "rows": 383401,
      "positive": 27682,
      "negative": 355719,
      "positive_rate": 0.07220116796774134,
      "pred_probability_mean": 0.07128878339073183,
      "logloss": 0.20409072933656142,
      "brier": 0.056297888235447235,
      "roc_auc": 0.8293940547328339,
      "pr_auc": 0.3727547089413743,
      "auc_reason": "",
      "data_split": "train",
      "target": "win",
      "feature_set": "market_aware"
    },
    {
      "rows": 46752,
      "positive": 3460,
      "negative": 43292,
      "positive_rate": 0.07400752908966461,
      "pred_probability_mean": 0.07055813230517743,
      "logloss": 0.22020025230745513,
      "brier": 0.06117319826844773,
      "roc_auc": 0.8012753227311351,
      "pr_auc": 0.263279447105469,
      "auc_reason": "",
      "data_split": "validation",
      "target": "win",
      "feature_set": "market_aware"
    },
    {
      "rows": 47497,
      "positive": 3461,
      "negative": 44036,
      "positive_rate": 0.072867760069057,
      "pred_probability_mean": 0.06750942048928511,
      "logloss": 0.22015526074444683,
      "brier": 0.06098923781389622,
      "roc_auc": 0.7962749161471181,
      "pr_auc": 0.2446808038915932,
      "auc_reason": "",
      "data_split": "test",
      "target": "win",
      "feature_set": "market_aware"
    },
    {
      "rows": 21276,
      "positive": 1507,
      "negative": 19769,
      "positive_rate": 0.0708309832675315,
      "pred_probability_mean": 0.0659662850550071,
      "logloss": 0.2142722266211605,
      "brier": 0.05922615085959151,
      "roc_auc": 0.8020460136742615,
      "pr_auc": 0.24684500312610244,
      "auc_reason": "",
      "data_split": "latest_holdout",
      "target": "win",
      "feature_set": "market_aware"
    }
  ],
  "race_metrics": [
    {
      "data_split": "validation",
      "target": "win",
      "race_count": 3454,
      "top1_winner_accuracy": 0.3138390272148234,
      "top3_contains_winner_rate": 0.6268094962362478,
      "tie_max_probability_races": 0,
      "feature_set": "market_aware"
    },
    {
      "data_split": "test",
      "target": "win",
      "race_count": 3455,
      "top1_winner_accuracy": 0.28683068017366137,
      "top3_contains_winner_rate": 0.6092619392185239,
      "tie_max_probability_races": 0,
      "feature_set": "market_aware"
    },
    {
      "data_split": "latest_holdout",
      "target": "win",
      "race_count": 1506,
      "top1_winner_accuracy": 0.2815405046480744,
      "top3_contains_winner_rate": 0.6135458167330677,
      "tie_max_probability_races": 0,
      "feature_set": "market_aware"
    }
  ],
  "probability_sum_diagnostics": [
    {
      "data_split": "train",
      "race_count": 27639,
      "mean": 0.9888994117294394,
      "median": 0.97473620008245,
      "std": 0.24306810967314407,
      "min": 0.17979587887300832,
      "max": 2.421785954072296,
      "target": "win",
      "feature_set": "market_aware"
    },
    {
      "data_split": "validation",
      "race_count": 3454,
      "mean": 0.9550474237208036,
      "median": 0.9366111696144435,
      "std": 0.24644912097925828,
      "min": 0.2897474957458529,
      "max": 2.066850275526354,
      "target": "win",
      "feature_set": "market_aware"
    },
    {
      "data_split": "test",
      "race_count": 3455,
      "mean": 0.9280737901532778,
      "median": 0.9115233458225875,
      "std": 0.24059764235089925,
      "min": 0.22106945808581197,
      "max": 2.292877260063543,
      "target": "win",
      "feature_set": "market_aware"
    },
    {
      "data_split": "latest_holdout",
      "race_count": 1506,
      "mean": 0.9319380350799009,
      "median": 0.9125823927244332,
      "std": 0.23813763822989,
      "min": 0.27864487904894203,
      "max": 1.9295380851022719,
      "target": "win",
      "feature_set": "market_aware"
    }
  ],
  "model_reload_prediction_match": true
}