{
  "target": "place",
  "feature_set": "market_history",
  "model_name": "catboost_place_market_history_v1_0_1",
  "best_iteration": 975,
  "params": {
    "iterations": 3000,
    "learning_rate": 0.05,
    "depth": 8,
    "l2_leaf_reg": 5.0,
    "random_strength": 1.0,
    "bootstrap_type": "Bayesian",
    "bagging_temperature": 1.0,
    "loss_function": "Logloss",
    "eval_metric": "Logloss",
    "od_type": "Iter",
    "od_wait": 200,
    "random_seed": 42,
    "task_type": "GPU",
    "devices": "0",
    "allow_writing_files": false,
    "verbose": 100
  },
  "train_rows": 383401,
  "validation_rows": 46752,
  "test_rows": 47497,
  "latest_holdout_rows": 21276,
  "training_seconds": 72.42580199241638,
  "prediction_seconds": 0.5730929374694824,
  "model_path": "models\\catboost_baseline_v1\\place\\market_history\\model.cbm",
  "all_missing_numeric_columns": [],
  "metrics_by_split": [
    {
      "rows": 383401,
      "positive": 82522,
      "negative": 300879,
      "positive_rate": 0.2152367886364407,
      "pred_probability_mean": 0.21539131609048895,
      "logloss": 0.40918999493211616,
      "brier": 0.1301451297775726,
      "roc_auc": 0.8108659184312479,
      "pr_auc": 0.5712241035461015,
      "auc_reason": "",
      "data_split": "train",
      "target": "place",
      "feature_set": "market_history"
    },
    {
      "rows": 46752,
      "positive": 10274,
      "negative": 36478,
      "positive_rate": 0.21975530458590006,
      "pred_probability_mean": 0.20564567885186333,
      "logloss": 0.4379362552386276,
      "brier": 0.14130318356271054,
      "roc_auc": 0.7783872104458458,
      "pr_auc": 0.4997237272451357,
      "auc_reason": "",
      "data_split": "validation",
      "target": "place",
      "feature_set": "market_history"
    },
    {
      "rows": 47497,
      "positive": 10276,
      "negative": 37221,
      "positive_rate": 0.21635050634776934,
      "pred_probability_mean": 0.19501563641567174,
      "logloss": 0.4393336843262485,
      "brier": 0.14152958075945235,
      "roc_auc": 0.7723874736643194,
      "pr_auc": 0.48628165342710516,
      "auc_reason": "",
      "data_split": "test",
      "target": "place",
      "feature_set": "market_history"
    },
    {
      "rows": 21276,
      "positive": 4500,
      "negative": 16776,
      "positive_rate": 0.21150592216582065,
      "pred_probability_mean": 0.18774673599867406,
      "logloss": 0.4217802087383956,
      "brier": 0.13566598586631456,
      "roc_auc": 0.7925856779526307,
      "pr_auc": 0.5046970579207561,
      "auc_reason": "",
      "data_split": "latest_holdout",
      "target": "place",
      "feature_set": "market_history"
    }
  ],
  "race_metrics": [
    {
      "data_split": "validation",
      "target": "place",
      "race_count": 3454,
      "precision_at_k": 0.4939683458791739,
      "recall_at_k": 0.49281026828797525,
      "hit_race_rate": 0.9099594672843081,
      "feature_set": "market_history"
    },
    {
      "data_split": "test",
      "target": "place",
      "race_count": 3455,
      "precision_at_k": 0.48104196816208394,
      "recall_at_k": 0.480077182826821,
      "hit_race_rate": 0.8992764109985528,
      "feature_set": "market_history"
    },
    {
      "data_split": "latest_holdout",
      "target": "place",
      "race_count": 1506,
      "precision_at_k": 0.5044267374944665,
      "recall_at_k": 0.503928729526339,
      "hit_race_rate": 0.9169986719787516,
      "feature_set": "market_history"
    }
  ],
  "probability_sum_diagnostics": [
    {
      "data_split": "train",
      "race_count": 27639,
      "mean": 2.9878521647096328,
      "median": 2.9762957035100794,
      "std": 0.6001978771299915,
      "min": 0.7279267654282716,
      "max": 6.031987912402373,
      "target": "place",
      "feature_set": "market_history"
    },
    {
      "data_split": "validation",
      "race_count": 3454,
      "mean": 2.7835398893116143,
      "median": 2.757409449766386,
      "std": 0.5931554219083411,
      "min": 0.680520110927831,
      "max": 5.166767928025736,
      "target": "place",
      "feature_set": "market_history"
    },
    {
      "data_split": "test",
      "race_count": 3455,
      "mean": 2.6809428893878904,
      "median": 2.6755294160590357,
      "std": 0.596269739982159,
      "min": 0.552181521049273,
      "max": 5.318563921384862,
      "target": "place",
      "feature_set": "market_history"
    },
    {
      "data_split": "latest_holdout",
      "race_count": 1506,
      "mean": 2.6523901428338577,
      "median": 2.623260681020377,
      "std": 0.5933717345901828,
      "min": 1.0562989716924078,
      "max": 4.63118559829865,
      "target": "place",
      "feature_set": "market_history"
    }
  ],
  "model_reload_prediction_match": true,
  "artifact_origin": "reused_from_v1",
  "source_model_path": "models\\catboost_baseline_v1\\place\\market_history\\model.cbm",
  "phase1_goal": {
    "win_roi_min": 0.9,
    "place_roi_min": 0.9
  }
}