data_split,model,rows,races,positive,logloss,brier,roc_auc,pr_auc,top1_winner_accuracy,top3_winner_inclusion_rate,race_probability_sum_mean
validation,market_probability,12517,950,937,0.20984423336043215,0.05963229697771212,0.8347404165353358,0.3089756103721434,0.32105263157894737,0.64,1.0
test,market_probability,11448,852,840,0.2093031373375196,0.058488815274850364,0.8374449539431157,0.30694302129310747,0.3215962441314554,0.6678403755868545,1.0
latest_holdout,market_probability,6288,454,448,0.20041909860553375,0.055911616595211856,0.8387240475171234,0.3247333827760801,0.3524229074889868,0.6674008810572687,1.0
